City_ID,City,Country,Date,Lat,Lng,Max Temp,Humidity,Cloudiness,Wind Speed
0,Camiri,BO,2022-12-11 22:25:06,-20.05,-63.5167,76.78,73,75,3.44
1,Hermanus,ZA,2022-12-11 22:25:06,-34.4187,19.2345,72.81,92,100,15.99
2,Bredasdorp,ZA,2022-12-11 22:25:07,-34.5322,20.0403,69.31,94,100,17.27
3,Ushuaia,AR,2022-12-11 22:20:29,-54.8,-68.3,46.06,76,75,18.41
4,Busselton,AU,2022-12-11 22:20:18,-33.65,115.3333,53.89,67,0,13.15
5,Upernavik,GL,2022-12-11 22:25:07,72.7868,-56.1549,7.54,92,38,16.75
6,Talnakh,RU,2022-12-11 22:25:08,69.4865,88.3972,-20.87,99,100,10.8
7,Yellowknife,CA,2022-12-11 22:25:08,62.456,-114.3525,-8.88,77,100,4.61
8,Leh,IN,2022-12-11 22:25:08,34.1667,77.5833,15.71,52,27,0.85
9,Ambon,ID,2022-12-11 22:25:09,-3.6954,128.1814,79.23,14,20,5.75
10,Qui Nhon,VN,2022-12-11 22:25:09,13.7667,109.2333,71.74,84,99,12.5
11,Hilo,US,2022-12-11 22:25:10,19.7297,-155.09,81.1,60,20,5.75
12,Mataura,NZ,2022-12-11 22:25:10,-46.1927,168.8643,63.48,60,85,1.74
13,Kavieng,PG,2022-12-11 22:25:11,-2.5744,150.7967,82.85,75,25,8.81
14,Butaritari,KI,2022-12-11 22:25:11,3.0707,172.7902,80.62,73,35,10.94
15,Tuktoyaktuk,CA,2022-12-11 22:25:11,69.4541,-133.0374,-20.2,76,20,9.22
16,Rikitea,PF,2022-12-11 22:25:12,-23.1203,-134.9692,76.69,77,19,18.77
17,Jamestown,US,2022-12-11 22:25:12,42.097,-79.2353,36.99,72,100,12.66
18,Brae,GB,2022-12-11 22:25:15,60.3964,-1.353,39.33,67,96,18.34
19,Bambous Virieux,MU,2022-12-11 22:25:15,-20.3428,57.7575,76.21,78,40,8.05
20,Les Cayes,HT,2022-12-11 22:25:15,18.2,-73.75,79.23,66,52,4.85
21,Severo-Kurilsk,RU,2022-12-11 22:25:16,50.6789,156.125,25.56,64,89,21.85
22,Saint-Philippe,RE,2022-12-11 22:25:16,-21.3585,55.7679,76.59,85,74,12.59
23,Esperance,AU,2022-12-11 22:22:59,-33.8667,121.9,57.34,62,5,5.77
24,Zhigansk,RU,2022-12-11 22:25:20,66.7697,123.3711,-26.91,97,100,10.18
25,Bathsheba,BB,2022-12-11 22:25:20,13.2167,-59.5167,77.61,80,40,4.61
26,Henties Bay,NA,2022-12-11 22:25:20,-22.116,14.2845,60.66,95,2,5.37
27,Lorengau,PG,2022-12-11 22:25:21,-2.0226,147.2712,81.88,80,99,4.47
28,Wad Madani,SD,2022-12-11 22:25:21,14.4012,33.5199,75.29,26,0,9.06
29,Lebu,CL,2022-12-11 22:25:22,-37.6167,-73.65,61.11,74,0,17.81
30,Qaanaaq,GL,2022-12-11 22:25:22,77.484,-69.3632,-13.32,70,0,10.65
31,Roma,US,2022-12-11 22:25:22,43.2128,-75.4557,34.09,94,100,6.91
32,Erzurum,TR,2022-12-11 22:25:23,40.0,41.5,29.88,60,98,1.83
33,Saskylakh,RU,2022-12-11 22:25:23,71.9167,114.0833,-5.69,94,100,13.04
34,Karaton,ID,2022-12-11 22:25:24,-6.3424,106.1045,72.82,92,71,5.3
35,Cedar City,US,2022-12-11 22:21:41,37.6775,-113.0619,36.57,70,100,21.85
36,Kapaa,US,2022-12-11 22:25:24,22.0752,-159.319,80.58,84,75,17.27
37,Bensonville,LR,2022-12-11 22:25:24,6.4461,-10.6125,76.17,91,68,4.38
38,Tara,RU,2022-12-11 22:25:25,56.8944,74.371,-8.79,98,45,6.22
39,Saint Marys,US,2022-12-11 22:22:29,30.7305,-81.5465,64.51,85,100,8.05
40,Albany,US,2022-12-11 22:23:06,42.6001,-73.9662,30.38,91,100,4.76
41,Cape Town,ZA,2022-12-11 22:25:25,-33.9258,18.4232,74.37,87,75,13.0
42,Dikson,RU,2022-12-11 22:25:29,73.5069,80.5464,16.77,95,100,13.09
43,Lompoc,US,2022-12-11 22:25:30,34.6391,-120.4579,57.78,63,75,13.8
44,Mabaruma,GY,2022-12-11 22:25:30,8.2,-59.7833,73.63,95,32,3.76
45,Sayyan,YE,2022-12-11 22:26:30,15.1718,44.3244,48.15,50,0,4.21
46,Babushkin,RU,2022-12-11 22:26:31,51.7122,105.8647,4.57,86,100,24.67
47,Along,IN,2022-12-11 22:26:31,28.1667,94.7667,50.56,82,0,1.36
48,Hasaki,JP,2022-12-11 22:26:31,35.7333,140.8333,44.22,54,100,23.09
49,Vila Velha,BR,2022-12-11 22:22:28,-20.3297,-40.2925,79.95,91,75,2.3
50,Punta Arenas,CL,2022-12-11 22:22:45,-53.15,-70.9167,50.11,62,0,8.05
51,Pangnirtung,CA,2022-12-11 22:26:32,66.1451,-65.7125,9.59,93,92,3.56
52,Slonim,BY,2022-12-11 22:26:32,53.0867,25.3219,24.01,96,98,8.84
53,College,US,2022-12-11 22:24:15,64.8569,-147.8028,10.9,82,100,0.0
54,Vaini,TO,2022-12-11 22:26:33,-21.2,-175.2,77.16,94,75,11.5
55,Airai,TL,2022-12-11 22:26:33,-8.9266,125.4092,61.92,77,100,1.9
56,Mar Del Plata,AR,2022-12-11 22:26:34,-38.0023,-57.5575,75.22,76,20,17.0
57,Atuona,PF,2022-12-11 22:26:34,-9.8,-139.0333,78.13,78,14,19.04
58,Opuwo,NA,2022-12-11 22:26:34,-18.0607,13.84,65.98,32,100,6.87
59,Saint Anthony,US,2022-12-11 22:26:35,45.0205,-93.218,34.75,77,100,6.91
60,Port-Cartier,CA,2022-12-11 22:26:35,50.0334,-66.8654,9.75,80,6,7.47
61,Angoche,MZ,2022-12-11 22:26:35,-16.2325,39.9086,79.14,82,100,3.18
62,Praia,CV,2022-12-11 22:26:36,14.9215,-23.5087,75.74,78,0,17.27
63,Norman Wells,CA,2022-12-11 22:26:36,65.282,-126.8329,-25.56,75,0,6.91
64,Chokwe,MZ,2022-12-11 22:26:36,-24.5333,32.9833,73.99,91,95,5.1
65,Elizabeth City,US,2022-12-11 22:26:37,36.2946,-76.2511,53.02,84,0,3.44
66,Bethel,US,2022-12-11 22:26:37,41.3712,-73.414,34.16,86,100,6.91
67,Corowa,AU,2022-12-11 22:26:38,-36.0333,146.3833,57.58,93,98,14.23
68,Nanakuli,US,2022-12-11 22:26:38,21.3906,-158.1547,82.35,48,0,13.8
69,Guerrero Negro,MX,2022-12-11 22:18:12,27.9769,-114.0611,65.57,54,93,12.53
70,New Norfolk,AU,2022-12-11 22:26:39,-42.7826,147.0587,56.91,87,98,1.01
71,Palasbari,IN,2022-12-11 22:26:39,26.1361,91.5486,60.85,94,40,0.0
72,Victoria,HK,2022-12-11 22:26:39,22.2855,114.1577,61.25,69,100,11.99
73,Arraial Do Cabo,BR,2022-12-11 22:26:40,-22.9661,-42.0278,76.86,88,0,3.44
74,Puerto Ayora,EC,2022-12-11 22:26:40,-0.7393,-90.3518,80.56,91,52,7.0
75,Dakar,SN,2022-12-11 22:25:17,14.6937,-17.4441,79.68,94,18,4.61
76,Namibe,AO,2022-12-11 22:26:41,-15.1961,12.1522,68.32,79,33,5.21
77,Kingaroy,AU,2022-12-11 22:20:51,-26.5333,151.8333,74.71,63,38,10.2
78,Kirakira,SB,2022-12-11 22:26:41,-10.4544,161.9205,82.13,78,100,5.68
79,Pisco,PE,2022-12-11 22:26:41,-13.7,-76.2167,71.65,73,0,17.27
80,Linxia,CN,2022-12-11 22:26:42,35.6003,103.2064,18.52,61,4,2.48
81,Nikolskoye,RU,2022-12-11 22:26:42,59.7035,30.7861,17.8,87,100,11.52
82,Port Lincoln,AU,2022-12-11 22:26:42,-34.7333,135.8667,58.53,54,12,21.12
83,Chara,RU,2022-12-11 22:26:43,56.9064,118.2631,-6.56,83,100,6.76
84,Katsuura,JP,2022-12-11 22:26:43,35.1333,140.3,49.14,62,100,21.09
85,Kodiak,US,2022-12-11 22:25:10,57.79,-152.4072,36.91,100,100,0.0
86,Barrow,US,2022-12-11 22:22:07,71.2906,-156.7887,6.82,78,0,26.46
87,Clyde River,CA,2022-12-11 22:26:43,70.4692,-68.5914,-7.37,77,0,3.44
88,Georgetown,MY,2022-12-11 22:23:07,5.4112,100.3354,77.9,88,20,3.44
89,Chuy,UY,2022-12-11 22:26:44,-33.6971,-53.4616,81.63,53,0,10.42
90,Laguna,US,2022-12-11 22:22:04,38.421,-121.4238,53.58,72,40,11.5
91,Rancho Palos Verdes,US,2022-12-11 22:23:38,33.7445,-118.387,60.26,65,75,21.85
92,Eureka,US,2022-12-11 22:15:34,40.8021,-124.1637,48.67,90,41,1.01
93,Mehamn,NO,2022-12-11 22:27:45,71.0357,27.8492,17.55,67,0,13.8
94,Hamilton,US,2022-12-11 22:23:09,39.1834,-84.5333,44.94,72,100,6.91
95,Bandarbeyla,SO,2022-12-11 22:27:45,9.4942,50.8122,76.82,70,5,17.9
96,Gat,IL,2022-12-11 22:27:45,31.61,34.7642,61.39,42,96,5.64
97,Cherskiy,RU,2022-12-11 22:27:46,68.75,161.3,-30.86,95,100,4.56
98,Coquimbo,CL,2022-12-11 22:27:46,-29.9533,-71.3436,67.73,72,0,13.8
99,Puerto Del Rosario,ES,2022-12-11 22:27:47,28.5004,-13.8627,69.55,83,20,0.0
100,Mount Isa,AU,2022-12-11 22:27:47,-20.7333,139.5,89.37,33,1,16.11
101,Kidal,ML,2022-12-11 22:27:47,18.4411,1.4078,71.49,13,100,10.22
102,Digby,CA,2022-12-11 22:27:48,44.6169,-65.7655,26.58,62,100,7.94
103,Saint-Joseph,RE,2022-12-11 22:27:48,-21.3667,55.6167,75.58,83,69,12.77
104,Ponta Do Sol,PT,2022-12-11 22:27:49,32.6667,-17.1,73.71,89,76,7.78
105,Hargeysa,SO,2022-12-11 22:27:49,9.56,44.065,57.16,92,9,9.06
106,Asyut,EG,2022-12-11 22:27:49,27.181,31.1837,57.38,38,0,1.72
107,Ust-Ilimsk,RU,2022-12-11 22:27:50,58.0006,102.6619,-27.76,100,100,3.85
108,Meulaboh,ID,2022-12-11 22:18:16,4.1363,96.1285,74.21,91,100,2.35
109,Sao Filipe,CV,2022-12-11 22:27:50,14.8961,-24.4956,77.23,77,0,7.16
110,Beira,MZ,2022-12-11 22:27:51,-19.8436,34.8389,78.89,83,20,5.75
111,Ahipara,NZ,2022-12-11 22:27:51,-35.1667,173.1667,68.72,62,97,7.56
112,Krasnoselkup,RU,2022-12-11 22:27:51,65.7,82.4667,-16.15,98,98,8.7
113,Mahon,ES,2022-12-11 22:27:52,39.8885,4.2658,52.36,100,0,1.14
114,Coruripe,BR,2022-12-11 22:27:52,-10.1256,-36.1756,77.97,83,40,10.22
115,San Cristobal,VE,2022-12-11 22:27:53,7.7669,-72.225,69.98,80,70,2.28
116,Hithadhoo,MV,2022-12-11 22:27:53,-0.6,73.0833,81.66,76,100,15.55
117,Buritizeiro,BR,2022-12-11 22:27:53,-17.3511,-44.9622,77.25,68,100,2.3
118,Tweed,CA,2022-12-11 22:27:54,44.4751,-77.3162,24.22,90,100,10.38
119,Nemuro,JP,2022-12-11 22:27:54,43.3236,145.575,30.04,59,74,14.72
120,Asau,RO,2022-12-11 22:27:54,46.4333,26.4,34.72,95,100,3.51
121,Tezu,IN,2022-12-11 22:27:55,27.9167,96.1667,58.64,42,0,3.91
122,Mwinilunga,ZM,2022-12-11 22:27:55,-11.7358,24.4293,62.74,93,100,1.66
123,Yenagoa,NG,2022-12-11 22:27:55,4.9247,6.2642,78.98,84,100,5.73
124,Coahuayana,MX,2022-12-11 22:27:56,18.7333,-103.6833,83.73,55,1,5.41
125,Marystown,CA,2022-12-11 22:27:56,47.1666,-55.1483,27.16,65,79,9.55
126,Geraldton,AU,2022-12-11 22:27:56,-28.7667,114.6,70.21,28,0,14.97
127,Narbonne,FR,2022-12-11 22:27:57,43.0833,2.8333,37.02,60,47,4.7
128,Balkhash,KZ,2022-12-11 22:27:57,46.844,74.9804,0.99,80,1,5.37
129,Maumere,ID,2022-12-11 22:27:57,-8.6199,122.2111,80.91,75,95,0.47
130,Pevek,RU,2022-12-11 22:27:58,69.7008,170.3133,-11.78,98,100,18.54
131,Kruisfontein,ZA,2022-12-11 22:27:58,-34.0033,24.7314,70.88,98,99,6.91
132,Zelenoborskiy,RU,2022-12-11 22:27:59,66.845,32.3622,0.07,97,34,3.87
133,Kongwa,TZ,2022-12-11 22:27:59,-6.2,36.4167,67.84,78,7,3.36
134,Tasiilaq,GL,2022-12-11 22:27:59,65.6145,-37.6368,28.56,53,2,4.32
135,Avarua,CK,2022-12-11 22:28:00,-21.2078,-159.775,78.85,65,75,9.22
136,Pasni,PK,2022-12-11 22:28:00,25.2631,63.471,72.73,55,29,7.05
137,East London,ZA,2022-12-11 22:28:00,-33.0153,27.9116,71.67,89,100,21.03
138,Cascais,PT,2022-12-11 22:29:00,38.6979,-9.4215,65.52,95,97,20.0
139,Auki,SB,2022-12-11 22:29:01,-8.7676,160.7034,80.76,83,100,2.86
140,Isangel,VU,2022-12-11 22:29:01,-19.55,169.2667,84.31,79,40,9.22
141,Golden,US,2022-12-11 22:29:01,39.7555,-105.2211,62.49,13,40,15.99
142,Chokurdakh,RU,2022-12-11 22:29:02,70.6333,147.9167,-23.8,100,97,7.11
143,Bluff,NZ,2022-12-11 22:29:02,-46.6,168.3333,63.81,79,68,4.85
144,Millington,US,2022-12-11 22:29:03,35.3415,-89.8973,53.19,88,100,6.91
145,Sagua La Grande,CU,2022-12-11 22:29:03,22.8067,-80.0756,76.19,62,8,9.26
146,Ribeira Grande,PT,2022-12-11 22:29:04,38.5167,-28.7,64.78,86,15,18.99
147,Kaitangata,NZ,2022-12-11 22:29:04,-46.2817,169.8464,59.31,76,94,4.88
148,Bengkulu,ID,2022-12-11 22:29:04,-3.8004,102.2655,74.44,86,98,6.2
149,Tiksi,RU,2022-12-11 22:29:05,71.6872,128.8694,-19.16,95,100,11.61
150,Husainabad,IN,2022-12-11 22:29:05,24.5333,84.0167,57.94,47,19,3.04
151,Amuntai,ID,2022-12-11 22:29:05,-2.4177,115.2494,73.81,97,100,0.83
152,Asfi,MA,2022-12-11 22:29:06,32.2994,-9.2372,65.16,88,2,11.81
153,Winsum,NL,2022-12-11 22:29:06,53.33,6.5208,33.78,89,100,5.7
154,La Ronge,CA,2022-12-11 22:29:06,55.1001,-105.2842,16.05,86,100,9.22
155,Souillac,MU,2022-12-11 22:29:07,-20.5167,57.5167,75.58,78,40,8.05
156,Sur,OM,2022-12-11 22:29:07,22.5667,59.5289,74.14,62,0,8.86
157,Hobart,AU,2022-12-11 22:29:04,-42.8794,147.3294,57.25,96,75,10.36
158,Jacareacanga,BR,2022-12-11 22:29:08,-6.2222,-57.7528,78.51,78,100,0.96
159,Kaduna,NG,2022-12-11 22:27:18,10.5222,7.4383,69.89,20,90,7.2
160,Tateyama,JP,2022-12-11 22:29:08,34.9833,139.8667,48.09,63,100,18.66
161,Bilma,NE,2022-12-11 22:29:08,18.6853,12.9164,68.76,15,31,4.79
162,Kenai,US,2022-12-11 22:29:09,60.5544,-151.2583,26.69,95,100,19.57
163,Torbay,CA,2022-12-11 22:29:09,47.6666,-52.7314,30.76,94,100,14.0
164,Zhuanghe,CN,2022-12-11 22:29:10,39.7008,122.9911,31.44,59,100,4.56
165,Aitape,PG,2022-12-11 22:29:10,-3.1374,142.3475,78.58,87,100,4.45
166,Tobermory,CA,2022-12-11 22:29:10,45.2501,-81.6665,30.25,79,100,13.67
167,Cabo San Lucas,MX,2022-12-11 22:29:11,22.8909,-109.9124,79.61,65,0,8.05
168,Mogadishu,SO,2022-12-11 22:27:42,2.0371,45.3438,79.0,76,6,16.13
169,Binga,ZW,2022-12-11 22:29:11,-17.6203,27.3414,76.62,66,12,1.3
170,Nizhniy Bestyakh,RU,2022-12-11 22:29:12,61.9594,129.9086,-45.53,64,100,2.24
171,Mzimba,MW,2022-12-11 22:25:21,-11.9,33.6,63.19,89,36,7.9
172,Longyearbyen,SJ,2022-12-11 22:29:12,78.2186,15.6401,13.84,52,75,18.41
173,Ormara,PK,2022-12-11 22:29:13,25.2088,64.6357,74.77,63,27,6.67
174,Castro,BR,2022-12-11 22:29:13,-24.7911,-50.0119,68.23,92,75,4.23
175,Vestmannaeyjar,IS,2022-12-11 22:29:13,63.4427,-20.2734,35.56,56,2,6.46
176,Ola,RU,2022-12-11 22:29:14,59.5833,151.2833,-15.5,95,85,7.2
177,North Bend,US,2022-12-11 22:29:14,43.4065,-124.2243,50.23,92,0,6.91
178,Lakatoro,VU,2022-12-11 22:29:14,-16.0999,167.4164,83.64,67,43,0.96
179,Igatpuri,IN,2022-12-11 22:29:15,19.7,73.55,73.38,54,92,6.15
180,Thompson,CA,2022-12-11 22:29:15,55.7435,-97.8558,26.76,100,100,5.75
181,Lazaro Cardenas,MX,2022-12-11 22:29:16,17.9583,-102.2,81.36,67,26,8.72
182,Codrington,AU,2022-12-11 22:29:16,-38.2667,141.9667,54.95,77,44,18.07
183,Nanortalik,GL,2022-12-11 22:29:16,60.1432,-45.2371,23.92,80,71,5.7
184,Vitim,RU,2022-12-11 22:30:17,59.4511,112.5578,-29.27,100,100,3.06
185,Khatanga,RU,2022-12-11 22:30:17,71.9667,102.5,-0.81,95,100,16.24
186,Port Elizabeth,ZA,2022-12-11 22:30:18,-33.918,25.5701,73.09,92,20,20.71
187,Karratha,AU,2022-12-11 22:30:18,-20.7377,116.8463,87.19,30,75,11.52
188,Yumen,CN,2022-12-11 22:30:18,40.2833,97.2,15.53,58,0,24.58
189,Fortuna,US,2022-12-11 22:30:19,40.5982,-124.1573,47.66,81,75,9.22
190,Portland,US,2022-12-11 22:25:27,45.5234,-122.6762,45.99,93,100,3.44
191,Galesong,ID,2022-12-11 22:30:20,-5.3166,119.3661,77.02,78,100,3.76
192,Borba,BR,2022-12-11 22:30:20,-4.3878,-59.5939,83.32,56,100,2.71
193,Evensk,RU,2022-12-11 22:30:20,61.95,159.2333,-9.85,87,91,7.16
194,Vila Franca Do Campo,PT,2022-12-11 22:30:21,37.7167,-25.4333,66.61,88,96,23.51
195,Bailen,ES,2022-12-11 22:30:21,38.0964,-3.7779,62.4,94,96,12.03
196,Ilhabela,BR,2022-12-11 22:30:21,-23.7781,-45.3581,75.33,91,76,6.93
197,Kroya,ID,2022-12-11 22:30:22,-7.6331,109.2461,77.45,83,91,2.28
198,Katobu,ID,2022-12-11 22:30:23,-4.9408,122.5276,78.24,86,99,1.14
199,Cradock,ZA,2022-12-11 22:30:23,-32.1642,25.6192,69.08,76,96,2.13
200,Viedma,AR,2022-12-11 22:30:24,-40.8135,-62.9967,73.18,19,8,9.91
201,Treinta Y Tres,UY,2022-12-11 22:30:24,-33.2333,-54.3833,88.18,26,7,6.24
202,Yulara,AU,2022-12-11 22:30:25,-25.2406,130.9889,70.59,38,0,15.01
203,Nagapattinam,IN,2022-12-11 22:30:25,10.7667,79.8333,75.09,88,54,2.48
204,Richards Bay,ZA,2022-12-11 22:30:26,-28.783,32.0377,71.89,92,100,3.06
205,Kloulklubed,PW,2022-12-11 22:30:26,7.0419,134.2556,79.3,73,97,8.32
206,Novichikha,RU,2022-12-11 22:30:26,52.204,81.3877,9.68,96,100,5.12
207,Mahebourg,MU,2022-12-11 22:30:27,-20.4081,57.7,76.24,78,40,8.05
208,Altos Del Rosario,CO,2022-12-11 22:30:27,8.7944,-74.1658,75.29,94,68,1.45
209,Salair,RU,2022-12-11 22:30:27,54.2312,85.7972,-7.26,100,83,2.13
210,Aklavik,CA,2022-12-11 22:30:28,68.2191,-135.0107,-17.19,94,17,14.25
211,Nanchang,CN,2022-12-11 22:30:28,28.6833,115.8833,41.52,59,80,8.25
212,Kotka,FI,2022-12-11 22:30:28,60.4664,26.9458,22.26,87,100,18.63
213,Goderich,CA,2022-12-11 22:30:29,43.7501,-81.7165,32.92,80,100,2.3
214,Coihaique,CL,2022-12-11 22:30:29,-45.5752,-72.0662,57.15,54,75,8.05
215,Port Hardy,CA,2022-12-11 22:28:12,50.6996,-127.4199,41.18,75,40,4.61
216,Arrecife,ES,2022-12-11 22:30:30,28.963,-13.5477,69.78,94,20,1.14
217,Simpang,ID,2022-12-11 22:30:30,-1.2667,104.0833,72.72,96,100,1.72
218,Harnosand,SE,2022-12-11 22:30:30,62.6323,17.9379,28.4,87,100,16.84
219,Yar-Sale,RU,2022-12-11 22:30:31,66.8333,70.8333,-19.73,99,54,8.19
220,Pitimbu,BR,2022-12-11 22:30:31,-7.4706,-34.8086,81.19,76,4,9.08
221,Weyburn,CA,2022-12-11 22:30:05,49.6668,-103.8511,19.62,86,83,20.71
222,Bongandanga,CD,2022-12-11 22:30:32,1.5,21.05,74.32,78,65,1.95
223,Ocampo,MX,2022-12-11 22:30:32,21.65,-101.5,67.95,22,5,5.55
224,Vardo,NO,2022-12-11 22:30:32,70.3705,31.1107,22.98,86,75,11.5
225,Tatarsk,RU,2022-12-11 22:30:33,55.219,75.9828,-5.44,99,72,6.55
226,Arona,ES,2022-12-11 22:30:33,28.0996,-16.681,67.57,95,40,2.3
227,Makakilo City,US,2022-12-11 22:30:33,21.3469,-158.0858,80.92,54,0,23.02
228,Port Alfred,ZA,2022-12-11 22:30:34,-33.5906,26.891,70.18,94,98,4.0
229,Kiama,AU,2022-12-11 22:25:53,-34.6833,150.8667,77.38,59,100,5.01
230,Atikokan,CA,2022-12-11 22:30:34,48.7555,-91.6216,26.06,94,100,3.62
231,Emerald,AU,2022-12-11 22:31:35,-23.5333,148.1667,77.34,74,17,13.49
232,Salinopolis,BR,2022-12-11 22:31:35,-0.6136,-47.3561,79.34,80,77,10.47
233,Kanigoro,ID,2022-12-11 22:31:35,-8.13,112.219,73.9,91,55,2.35
234,Tchollire,CM,2022-12-11 22:31:36,8.4022,14.1698,70.77,25,1,1.63
235,Obo,CF,2022-12-11 22:31:36,5.3998,26.4869,73.71,31,59,4.0
236,Alice Springs,AU,2022-12-11 22:31:37,-23.7,133.8833,69.35,60,75,16.11
237,Hofn,IS,2022-12-11 22:31:37,64.2539,-15.2082,33.37,68,2,19.66
238,Bandar,ID,2022-12-11 22:31:37,2.05,99.75,71.85,98,100,1.21
239,The Pas,CA,2022-12-11 22:30:29,53.8251,-101.2541,23.02,100,100,20.71
240,Half Moon Bay,US,2022-12-11 22:31:38,37.4636,-122.4286,54.88,72,40,16.11
241,Sorland,NO,2022-12-11 22:31:38,67.667,12.6934,30.06,56,5,12.08
242,Signal Hill,US,2022-12-11 22:31:39,33.8045,-118.1678,60.46,61,75,21.85
243,Corrente,BR,2022-12-11 22:31:39,-3.7367,-43.3394,76.26,84,90,5.35
244,Alekseyevsk,RU,2022-12-11 22:31:40,57.8406,108.3492,-18.02,98,100,3.62
245,Bontang,ID,2022-12-11 22:31:40,0.1333,117.5,77.04,87,98,4.07
246,Qinhuangdao,CN,2022-12-11 22:31:40,39.9317,119.5883,27.79,45,80,9.44
247,San Jeronimo,PE,2022-12-11 22:31:41,-11.9472,-75.2829,55.11,70,100,4.38
248,Lazurne,UA,2022-12-11 22:31:41,46.084,32.5295,53.73,85,100,21.5
249,Garden City,US,2022-12-11 22:29:53,42.3256,-83.331,39.22,76,100,8.05
250,Bangassou,CF,2022-12-11 22:31:42,4.7413,22.8184,70.84,45,34,0.54
251,Putai,FR,2022-12-11 22:31:43,46.6579,1.9863,24.19,65,93,2.13
252,Bilisht,AL,2022-12-11 22:31:43,40.6275,20.99,39.33,89,36,4.5
253,Toora-Khem,RU,2022-12-11 22:31:43,52.4675,96.11,-14.22,99,98,2.71
254,Znamenskoye,RU,2022-12-11 22:31:44,57.1281,73.8282,-7.11,98,68,7.31
255,Puerto El Triunfo,SV,2022-12-11 22:31:44,13.2833,-88.55,90.46,73,1,2.21
256,Kununurra,AU,2022-12-11 22:31:44,-15.7667,128.7333,84.18,89,44,2.3
257,Mandalgovi,MN,2022-12-11 22:31:45,45.7625,106.2708,3.2,51,19,18.12
258,Merauke,ID,2022-12-11 22:31:45,-8.4667,140.3333,81.54,77,100,5.32
259,Altus,US,2022-12-11 22:27:31,34.6381,-99.334,54.91,69,0,5.75
260,Cidreira,BR,2022-12-11 22:31:46,-30.1811,-50.2056,73.56,90,2,14.45
261,San Antonio Ilotenango,GT,2022-12-11 22:31:46,15.0547,-91.2297,73.51,68,71,5.06
262,Fort Saint James,CA,2022-12-11 22:31:47,54.4333,-124.25,11.5,90,40,0.85
263,Faanui,PF,2022-12-11 22:31:47,-16.4833,-151.75,76.46,82,100,15.41
264,Nome,US,2022-12-11 22:31:47,64.5011,-165.4064,26.67,86,100,11.5
265,Dukat,RU,2022-12-11 22:31:48,62.55,155.55,-32.39,98,100,2.59
266,Russell,US,2022-12-11 22:30:25,32.3502,-85.1999,60.4,88,75,0.0
267,Itarema,BR,2022-12-11 22:31:48,-2.9248,-39.9167,79.99,77,9,16.4
268,Ati,TD,2022-12-11 22:31:49,13.2154,18.3353,71.4,14,0,9.35
269,Tapes,BR,2022-12-11 22:31:49,-30.6733,-51.3958,75.45,83,2,10.25
270,Tottori,JP,2022-12-11 22:31:49,35.5,134.2333,42.87,81,75,4.61
271,Saint-Pierre,RE,2022-12-11 22:31:50,-21.3393,55.4781,76.68,73,20,19.57
272,Igrim,RU,2022-12-11 22:31:50,63.1906,64.4162,-5.19,98,100,5.91
273,Mont-Dore,NC,2022-12-11 22:31:50,-22.2833,166.5833,84.18,99,41,10.2
274,Jega,NG,2022-12-11 22:31:51,12.2175,4.3792,72.23,18,55,9.48
275,Stornoway,GB,2022-12-11 22:32:51,58.2093,-6.3865,33.76,100,75,2.3
276,Carauari,BR,2022-12-11 22:32:51,-4.8828,-66.8958,79.56,79,84,1.01
277,Burns Lake,CA,2022-12-11 22:30:07,54.2331,-125.7533,18.82,89,86,0.34
278,Sitka,US,2022-12-11 22:32:52,57.0531,-135.33,30.09,69,75,4.61
279,Pemangkat,ID,2022-12-11 22:32:52,1.1667,108.9667,75.43,90,99,5.39
280,Ures,MX,2022-12-11 22:32:53,29.4333,-110.4,73.96,15,72,10.16
281,Paamiut,GL,2022-12-11 22:32:53,61.994,-49.6678,19.96,64,0,9.42
282,Calbuco,CL,2022-12-11 22:32:53,-41.768,-73.1273,60.01,64,93,14.36
283,Provideniya,RU,2022-12-11 22:32:54,64.3833,-173.3,19.51,79,75,15.99
284,Cayenne,GF,2022-12-11 22:32:54,4.9333,-52.3333,78.84,89,20,0.0
285,Ixtapa,MX,2022-12-11 22:32:55,20.7,-105.2,79.83,69,20,9.22
286,Kalmunai,LK,2022-12-11 22:32:55,7.4167,81.8167,74.26,89,86,4.97
287,Kalakamati,BW,2022-12-11 22:32:55,-20.5929,27.3121,67.5,80,92,6.73
288,Peniche,PT,2022-12-11 22:32:56,39.3558,-9.3811,64.29,97,99,13.53
289,Shelburne,CA,2022-12-11 22:30:25,44.0787,-80.2041,29.75,97,99,5.99
290,Buala,SB,2022-12-11 22:32:56,-8.145,159.5921,84.25,69,91,4.83
291,Shushenskoye,RU,2022-12-11 22:32:57,53.325,91.9356,2.26,97,100,2.68
292,Elko,US,2022-12-11 22:32:57,41.0002,-115.5012,30.22,86,100,13.0
293,Ancud,CL,2022-12-11 22:32:57,-41.8697,-73.8203,55.6,69,93,8.7
294,Barguzin,RU,2022-12-11 22:32:58,53.6167,109.6167,-3.86,87,90,9.44
295,Andujar,ES,2022-12-11 22:32:58,38.0392,-4.0508,63.95,94,91,11.56
296,Huarmey,PE,2022-12-11 22:32:58,-10.0681,-78.1522,69.3,83,94,6.55
297,Port-Gentil,GA,2022-12-11 22:32:58,-0.7193,8.7815,78.76,94,20,4.61
298,Pacific Grove,US,2022-12-11 22:32:59,36.6177,-121.9166,54.52,68,0,11.99
299,Cesis,LV,2022-12-11 22:29:00,57.3119,25.2746,21.72,93,100,14.63
300,Karpathos,GR,2022-12-11 22:32:59,35.507,27.2132,60.76,94,59,13.8
301,Bac Lieu,VN,2022-12-11 22:33:00,9.285,105.7244,76.26,80,89,14.47
302,Qasigiannguit,GL,2022-12-11 22:33:00,68.8193,-51.1922,16.05,72,97,4.63
303,Beloha,MG,2022-12-11 22:33:00,-25.1667,45.05,74.32,83,86,8.12
304,Salinas,US,2022-12-11 22:33:01,36.6777,-121.6555,55.63,58,75,12.66
305,Lata,PT,2022-12-11 22:33:01,40.1629,-8.3327,54.91,97,93,4.12
306,Floro,NO,2022-12-11 22:33:01,61.5996,5.0328,28.36,64,0,11.5
307,Taltal,CL,2022-12-11 22:33:02,-25.4,-70.4833,66.06,81,8,4.92
308,Tessalit,ML,2022-12-11 22:33:02,20.1986,1.0114,71.02,16,43,9.08
309,Tilichiki,RU,2022-12-11 22:33:02,60.4667,166.1,-10.01,99,98,6.2
310,Broome,US,2022-12-11 22:33:03,42.2506,-75.833,35.02,84,100,4.61
311,Ostrovnoy,RU,2022-12-11 22:33:03,68.0531,39.5131,17.85,95,99,7.49
312,Luderitz,NA,2022-12-11 22:33:04,-26.6481,15.1594,63.28,94,11,1.61
313,Qaqortoq,GL,2022-12-11 22:33:04,60.7167,-46.0333,15.8,69,34,8.52
314,Mgandu,TZ,2022-12-11 22:33:05,-5.95,34.1333,62.02,87,96,2.75
315,Fort Nelson,CA,2022-12-11 22:30:23,58.8053,-122.7002,-0.81,71,20,3.44
316,Hvide Sande,DK,2022-12-11 22:33:05,56.0045,8.1294,28.67,84,100,15.28
317,Marzuq,YE,2022-12-11 22:33:05,14.4,46.4667,59.58,62,0,2.55
318,Narsaq,GL,2022-12-11 22:33:06,60.9167,-46.05,26.82,64,19,9.44
319,Kakrala,IN,2022-12-11 22:33:06,27.9,79.2,61.18,44,1,8.05
320,Kiunga,PG,2022-12-11 22:34:07,-6.1219,141.2906,75.33,97,100,0.92
321,Dingle,PH,2022-12-11 22:34:07,10.9995,122.6711,76.23,90,100,1.68
322,Tuatapere,NZ,2022-12-11 22:34:07,-46.1333,167.6833,67.01,60,27,4.27
323,Bougouni,ML,2022-12-11 22:34:08,11.417,-7.479,73.31,16,60,5.79
324,Voh,NC,2022-12-11 22:34:10,-20.9667,164.7,84.34,65,2,4.14
325,Alofi,NU,2022-12-11 22:34:10,-19.0595,-169.9187,84.09,61,98,19.57
326,Mar De Espanha,BR,2022-12-11 22:34:10,-21.8672,-43.0097,70.74,96,77,3.44
327,Leningradskiy,RU,2022-12-11 22:34:11,69.3833,178.4167,-0.29,97,100,18.12
328,Husavik,IS,2022-12-11 22:34:11,66.0449,-17.3389,21.69,87,12,13.8
329,Ilulissat,GL,2022-12-11 22:34:11,69.2167,-51.1,15.82,53,85,2.3
330,Zabid,YE,2022-12-11 22:34:12,14.1951,43.3152,74.41,63,1,4.94
331,Byron Bay,AU,2022-12-11 22:31:48,-28.65,153.6167,81.72,64,46,17.25
332,Masvingo,ZW,2022-12-11 22:34:12,-20.0637,30.8277,67.96,68,21,4.32
333,Koslan,RU,2022-12-11 22:34:12,63.4564,48.8989,-17.55,100,85,2.53
334,Christchurch,NZ,2022-12-11 22:29:19,-43.5333,172.6333,70.95,67,100,3.44
335,Vostok,RU,2022-12-11 22:34:13,46.4856,135.8833,-8.72,91,13,4.88
336,Kawalu,ID,2022-12-11 22:34:13,-7.3817,108.2082,71.76,92,75,1.39
337,Carnarvon,AU,2022-12-11 22:34:13,-24.8667,113.6333,72.0,72,0,16.24
338,Mahibadhoo,MV,2022-12-11 22:34:14,3.7833,72.9667,81.14,79,96,19.57
339,Jardim,BR,2022-12-11 22:34:14,-21.4803,-56.1381,73.62,97,100,1.81
340,Rocha,UY,2022-12-11 22:34:15,-34.4833,-54.3333,71.37,88,45,9.93
341,Atar,MR,2022-12-11 22:34:15,20.5169,-13.0499,77.68,15,35,6.8
342,Sechura,PE,2022-12-11 22:34:15,-5.5569,-80.8222,72.43,71,93,12.84
343,Balabac,PH,2022-12-11 22:34:16,7.9868,117.0645,80.2,78,99,15.39
344,Kongoussi,BF,2022-12-11 22:34:16,13.3258,-1.5347,71.98,13,44,8.57
345,Touros,BR,2022-12-11 22:34:19,-5.1989,-35.4608,79.14,77,6,12.17
346,Kamaishi,JP,2022-12-11 22:34:20,39.2667,141.8833,36.16,67,7,6.13
347,Rio Gallegos,AR,2022-12-11 22:34:20,-51.6226,-69.2181,57.25,51,75,18.41
348,Bourail,NC,2022-12-11 22:34:20,-21.5667,165.4833,81.73,69,17,9.08
349,Porto Walter,BR,2022-12-11 22:34:21,-8.2686,-72.7439,75.65,90,100,3.87
350,Fereydunshahr,IR,2022-12-11 22:34:21,32.941,50.121,26.19,67,0,2.28
351,Liverpool,GB,2022-12-11 22:31:46,53.4106,-2.9779,29.82,97,32,2.3
352,San Juan,AR,2022-12-11 22:34:22,-31.5375,-68.5364,98.49,21,9,15.23
353,Mersing,MY,2022-12-11 22:34:22,2.4312,103.8405,73.31,94,40,3.44
354,Poum,NC,2022-12-11 22:34:22,-20.2333,164.0167,80.24,71,1,1.97
355,Anloga,GH,2022-12-11 22:34:23,5.7947,0.8973,81.14,84,26,12.84
356,Salalah,OM,2022-12-11 22:34:23,17.0151,54.0924,77.09,41,0,12.66
357,Poronaysk,RU,2022-12-11 22:34:23,49.2167,143.1167,3.58,86,57,3.2
358,Yelan,RU,2022-12-11 22:34:24,50.949,43.7378,28.13,72,26,18.9
359,Cuyamel,HN,2022-12-11 22:34:24,15.6667,-88.2,82.56,85,46,2.86
360,Seoul,KR,2022-12-11 22:33:12,37.5683,126.9778,29.64,84,0,3.44
361,Kavaratti,IN,2022-12-11 22:34:25,10.5669,72.642,81.61,71,90,18.3
362,Teahupoo,PF,2022-12-11 22:34:25,-17.8333,-149.2667,66.16,78,100,13.91
363,Sao Gabriel Da Cachoeira,BR,2022-12-11 22:34:26,-0.1303,-67.0892,76.53,87,96,1.86
364,Hollola,FI,2022-12-11 22:34:26,61.05,25.4333,18.37,92,100,11.14
365,Rio Bananal,BR,2022-12-11 22:34:26,-19.265,-40.3333,73.4,94,92,4.56
366,Muana,BR,2022-12-11 22:34:27,-1.5283,-49.2167,76.5,88,60,4.85
367,Taybad,IR,2022-12-11 22:35:27,34.74,60.7756,30.74,62,74,0.63
368,Kieta,PG,2022-12-11 22:35:27,-6.2167,155.6333,82.53,78,63,3.74
369,Dunedin,NZ,2022-12-11 22:35:28,-45.8742,170.5036,55.8,91,99,3.0
370,Fairview,US,2022-12-11 22:35:28,40.8126,-73.999,39.29,88,100,11.5
371,Qala,AZ,2022-12-11 22:35:28,40.4418,50.1681,48.09,76,75,9.22
372,Pathein,MM,2022-12-11 22:35:29,16.7833,94.7333,74.16,91,4,5.08
373,Abnub,EG,2022-12-11 22:35:31,27.2696,31.1511,57.42,39,0,2.26
374,Pingliang,CN,2022-12-11 22:35:32,35.5392,106.6861,20.19,50,3,2.82
375,Labis,MY,2022-12-11 22:35:32,2.385,103.021,72.09,97,100,1.25
376,Saldanha,ZA,2022-12-11 22:35:32,-33.0117,17.9442,69.85,86,99,8.05
377,Nuuk,GL,2022-12-11 22:35:33,64.1835,-51.7216,12.29,72,0,6.71
378,Charters Towers,AU,2022-12-11 22:35:33,-20.1,146.2667,83.53,58,22,11.41
379,Innisfail,AU,2022-12-11 22:35:33,-17.5333,146.0333,84.63,62,80,1.86
380,Ketchikan,US,2022-12-11 22:35:34,55.3422,-131.6461,33.78,64,0,4.61
381,Canon City,US,2022-12-11 22:35:34,38.441,-105.2424,64.56,6,0,0.0
382,Hami,CN,2022-12-11 22:35:35,42.8,93.45,16.83,44,0,5.48
383,Svetlyy,RU,2022-12-11 22:35:35,54.675,20.1347,30.96,85,100,16.2
384,Fianarantsoa,MG,2022-12-11 22:35:35,-21.4333,47.0833,61.99,92,97,4.07
385,Hambantota,LK,2022-12-11 22:35:36,6.1241,81.1185,74.23,87,97,8.05
386,Balugaon,IN,2022-12-11 22:35:36,20.1667,85.1,67.48,69,20,1.92
387,Gizo,SB,2022-12-11 22:35:36,-8.103,156.8419,83.68,72,58,4.79
388,Rovinj,HR,2022-12-11 22:35:37,45.08,13.64,41.29,88,99,6.53
389,Axim,GH,2022-12-11 22:35:37,4.8699,-2.2405,78.89,84,93,8.5
390,Quatre Cocos,MU,2022-12-11 22:35:38,-20.2078,57.7625,76.08,74,27,14.05
391,Bure,ET,2022-12-11 22:35:38,10.7,37.0667,56.21,69,17,5.35
392,Adrar,MR,2022-12-11 22:35:38,20.5022,-10.0711,74.84,14,45,8.46
393,Harper,LR,2022-12-11 22:35:39,4.375,-7.7169,78.51,83,28,8.59
394,Plerin,FR,2022-12-11 22:35:39,48.5425,-2.7798,34.12,94,100,5.99
395,Tautira,PF,2022-12-11 22:35:40,-17.7333,-149.15,77.86,78,100,12.5
396,Gerede,TR,2022-12-11 22:35:40,40.8008,32.1969,45.72,88,100,8.79
397,Tukrah,LY,2022-12-11 22:35:40,32.5341,20.5791,63.52,73,92,7.63
398,Chongwe,ZM,2022-12-11 22:35:41,-15.3292,28.682,67.39,72,22,1.9
399,Anbu,CN,2022-12-11 22:35:41,23.449,116.6809,58.93,67,40,8.95
400,Mackay,AU,2022-12-11 22:35:42,-21.15,149.2,85.68,71,10,7.05
401,Werda,BW,2022-12-11 22:35:42,-25.2667,23.2833,69.35,81,99,11.5
402,San Patricio,US,2022-12-11 22:35:42,28.017,-97.5169,78.84,67,54,8.14
403,Massakory,TD,2022-12-11 22:35:42,12.996,15.7293,73.2,14,1,11.01
404,Grindavik,IS,2022-12-11 22:35:43,63.8424,-22.4338,30.67,80,0,6.91
405,Klaksvik,FO,2022-12-11 22:35:43,62.2266,-6.589,36.52,58,99,32.64
406,Umea,SE,2022-12-11 22:35:43,63.8284,20.2597,24.73,93,100,8.05
407,Constitucion,CL,2022-12-11 22:30:56,-35.3333,-72.4167,63.81,65,0,21.0
408,Omsukchan,RU,2022-12-11 22:35:44,62.5333,155.8,-34.02,98,100,2.82
409,Port Blair,IN,2022-12-11 22:35:44,11.6667,92.75,77.04,94,40,2.3
410,Berlevag,NO,2022-12-11 22:35:45,70.8578,29.0864,19.2,67,0,10.36
411,Millinocket,US,2022-12-11 22:36:45,45.6573,-68.7098,19.51,63,0,0.0
412,Carroll,US,2022-12-11 22:36:45,39.5501,-77.0164,42.12,89,98,4.0
413,Mineros,BO,2022-12-11 22:36:46,-17.1167,-63.2333,73.33,97,100,4.12
414,Abu Samrah,SY,2022-12-11 22:36:46,35.3029,37.1841,53.64,71,100,7.7
415,Popondetta,PG,2022-12-11 22:36:46,-8.7537,148.2534,87.26,58,100,2.93
416,Margate,GB,2022-12-11 22:36:35,51.3813,1.3862,37.9,92,100,5.01
417,Jumla,NP,2022-12-11 22:36:47,29.2747,82.1838,39.43,18,2,5.53
418,Iqaluit,CA,2022-12-11 22:36:47,63.7506,-68.5145,-0.67,85,75,2.3
419,Lusambo,CD,2022-12-11 22:36:48,-4.9667,23.45,69.22,99,96,2.01
420,Faya,SA,2022-12-11 22:36:48,18.3851,42.4509,51.91,68,0,2.8
421,Ornes,NO,2022-12-11 22:36:49,66.8689,13.7078,20.73,61,39,8.25
422,Tiznit,MA,2022-12-11 22:36:49,29.5833,-9.5,63.03,70,0,1.39
423,Marsabit,KE,2022-12-11 22:36:49,2.3284,37.9899,67.32,69,9,10.56
424,Dawlatabad,AF,2022-12-11 22:36:50,36.4141,64.9053,36.09,61,98,3.04
425,Sarany,RU,2022-12-11 22:36:50,58.5,58.8833,19.36,94,100,11.07
426,Fairbanks,US,2022-12-11 22:35:01,64.8378,-147.7164,10.92,83,75,0.0
427,Hope,US,2022-12-11 22:36:51,33.6671,-93.5916,55.45,91,100,5.06
428,Urucara,BR,2022-12-11 22:36:51,-2.5364,-57.76,84.13,52,99,2.95
429,Korhogo,CI,2022-12-11 22:36:52,9.45,-5.6333,73.51,19,25,4.09
430,Ouadda,CF,2022-12-11 22:36:52,8.0777,22.4007,67.42,21,0,5.59
431,Padang,ID,2022-12-11 22:36:52,-0.9492,100.3543,75.25,88,100,2.89
432,Shaki,AZ,2022-12-11 22:36:53,41.0833,47.1667,36.52,69,4,2.98
433,Lonavale,IN,2022-12-11 22:36:53,18.75,73.4167,69.76,67,75,4.36
434,Labrea,BR,2022-12-11 22:36:54,-7.2586,-64.7981,75.85,91,83,2.48
435,Oyem,GA,2022-12-11 22:36:54,1.5995,11.5793,67.93,98,52,2.55
436,Arys,KZ,2022-12-11 22:36:54,42.4252,68.795,22.17,59,88,5.12
437,Moindou,NC,2022-12-11 22:36:55,-21.6924,165.677,81.23,71,19,12.37
438,Vetlanda,SE,2022-12-11 22:36:55,57.4289,15.0776,17.76,95,77,6.44
439,Ust-Ordynskiy,RU,2022-12-11 22:33:19,52.805,104.7508,-4.9,86,100,16.15
440,Asmar,AF,2022-12-11 22:36:55,35.0333,71.3581,48.22,35,69,11.72
441,Nizwa,OM,2022-12-11 22:36:56,22.9333,57.5333,61.99,68,0,4.94
442,El Tigre,VE,2022-12-11 22:36:56,8.8875,-64.2454,78.6,62,78,5.5
443,Tabuk,PH,2022-12-11 22:36:56,17.4189,121.4443,70.23,87,99,1.95
444,Hazleton,US,2022-12-11 22:36:57,40.9584,-75.9746,32.25,91,100,0.0
445,Madison Heights,US,2022-12-11 22:36:57,42.4859,-83.1052,39.22,79,75,5.75
446,Alyangula,AU,2022-12-11 22:36:57,-13.8483,136.4192,84.65,69,97,10.13
447,Edmundston,CA,2022-12-11 22:33:57,47.3737,-68.3251,16.93,74,0,5.75
448,Kutum,SD,2022-12-11 22:36:58,14.2,24.6667,58.21,22,4,6.82
449,Thanyaburi,TH,2022-12-11 22:36:58,14.0211,100.7343,80.98,86,20,3.44
450,Mitu,CO,2022-12-11 22:36:59,1.1983,-70.1733,73.26,92,93,1.72
451,Lhokseumawe,ID,2022-12-11 22:36:59,5.1801,97.1507,73.0,96,100,2.64
452,Calama,CL,2022-12-11 22:36:59,-22.4667,-68.9333,70.29,32,75,20.71
453,Tura,IN,2022-12-11 22:37:00,25.5198,90.2201,57.04,79,26,2.82
454,Snihurivka,UA,2022-12-11 22:37:00,47.0758,32.8052,56.82,81,100,20.69
455,Kichera,RU,2022-12-11 22:35:15,55.9375,110.0997,-13.63,82,100,7.05
456,Todos Santos,MX,2022-12-11 22:37:01,23.45,-110.2167,78.44,60,1,7.76
457,Kungurtug,RU,2022-12-11 22:38:01,50.5994,97.5228,-7.4,97,100,4.85
458,Kologriv,RU,2022-12-11 22:38:01,58.8275,44.3178,17.11,92,100,6.8
459,Mercedes,AR,2022-12-11 22:38:02,-34.6515,-59.4307,72.99,82,47,4.9
460,Acapulco,MX,2022-12-11 22:38:02,16.8634,-99.8901,85.82,58,0,11.5
461,Mayumba,GA,2022-12-11 22:38:03,-3.432,10.6554,76.46,87,100,5.75
462,Pokhara,NP,2022-12-11 22:38:03,28.2333,83.9833,57.65,23,59,5.23
463,Peruibe,BR,2022-12-11 22:38:04,-24.32,-46.9983,74.26,96,81,4.47
464,Svetlogorsk,BY,2022-12-11 22:38:04,52.6333,29.7333,34.38,99,100,11.74
465,Aquiraz,BR,2022-12-11 22:38:04,-3.9014,-38.3911,81.18,78,15,12.01
466,Tahoua,NE,2022-12-11 22:38:05,14.8888,5.2692,68.95,15,54,11.59
467,Xinyu,CN,2022-12-11 22:38:05,27.8043,114.9334,45.14,67,96,3.78
468,Marawi,PH,2022-12-11 22:38:06,7.9986,124.2928,71.2,90,71,1.72
469,Nalut,LY,2022-12-11 22:38:06,30.3333,10.85,58.64,45,33,8.12
470,Saint George,US,2022-12-11 22:38:07,37.1041,-113.5841,52.39,54,75,25.32
471,Amga,RU,2022-12-11 22:38:07,60.8953,131.9608,-50.96,100,94,1.32
472,Ardakan,IR,2022-12-11 22:38:08,32.31,54.0175,41.14,46,0,2.62
473,Beringovskiy,RU,2022-12-11 22:38:08,63.05,179.3167,0.46,73,13,11.03
474,Korla,CN,2022-12-11 22:38:09,41.7597,86.1469,15.62,60,6,3.4
475,Xicotencatl,MX,2022-12-11 22:38:09,23.0167,-98.8833,84.52,44,0,5.5
476,Durango,MX,2022-12-11 22:38:10,24.8333,-104.8333,70.25,20,0,8.46
477,Jinchang,CN,2022-12-11 22:38:10,38.4953,102.1739,17.11,39,0,4.92
478,Youkounkoun,GN,2022-12-11 22:38:10,12.5333,-13.1333,77.0,17,0,5.21
479,Lagunas,PE,2022-12-11 22:38:11,-5.2269,-75.6753,78.67,78,99,3.6
480,Moron,AR,2022-12-11 22:38:11,-34.6534,-58.6198,85.75,50,54,6.42
481,Kutahya,TR,2022-12-11 22:38:12,39.4242,29.9833,50.67,78,99,10.92
482,Platanos,GR,2022-12-11 22:38:12,37.6667,21.6167,59.65,84,23,6.8
483,Envigado,CO,2022-12-11 22:38:12,6.1706,-75.5853,72.5,68,40,9.22
484,Batagay,RU,2022-12-11 22:38:13,67.6333,134.6333,-30.48,97,100,3.6
485,Mayor Pablo Lagerenza,PY,2022-12-11 22:38:13,-19.9309,-60.7718,80.8,74,100,5.84
486,Praya,CV,2022-12-11 22:38:13,14.9215,-23.5087,75.74,78,0,17.27
487,Komsomolskiy,UZ,2022-12-11 22:38:14,40.4272,71.7189,27.32,93,75,2.3
488,Vrangel,RU,2022-12-11 22:38:14,42.7297,133.0839,23.83,45,65,5.91
489,Port Hedland,AU,2022-12-11 22:38:14,-20.3167,118.5667,86.05,28,76,10.36
490,Aykhal,RU,2022-12-11 22:38:15,66.0,111.5,-11.36,98,100,6.15
491,Baykit,RU,2022-12-11 22:38:15,61.67,96.37,-13.38,94,100,3.76
492,Tari,NG,2022-12-11 22:38:15,12.4086,4.4914,72.05,18,64,9.57
493,Maniitsoq,GL,2022-12-11 22:38:16,65.4167,-52.9,19.47,56,1,6.13
494,Mandera,KE,2022-12-11 22:38:16,3.9366,41.867,84.02,32,58,7.99
495,Grand Gaube,MU,2022-12-11 22:38:17,-20.0064,57.6608,76.37,70,8,3.0
496,Mujiayingzi,CN,2022-12-11 22:38:17,42.1167,118.7833,16.97,40,0,21.12
497,Tatawin,TN,2022-12-11 22:38:17,32.9297,10.4518,65.75,42,97,28.79
498,Kahului,US,2022-12-11 22:38:18,20.8947,-156.47,82.42,62,20,20.71
499,Jizan,SA,2022-12-11 22:38:18,17.3333,42.6667,79.74,76,0,4.36
500,Aligudarz,IR,2022-12-11 22:38:18,33.4006,49.6949,30.94,63,1,2.04
501,San Andres,CO,2022-12-11 22:38:19,12.5847,-81.7006,84.22,61,20,11.5
502,Melton,AU,2022-12-11 22:38:19,-37.6833,144.5833,56.75,78,97,15.28
503,Puerto Gaitan,CO,2022-12-11 22:38:19,4.3133,-72.0816,80.94,65,89,6.08
504,Rairangpur,IN,2022-12-11 22:38:20,22.2676,86.1751,60.4,45,11,1.01
505,Rodrigues Alves,BR,2022-12-11 22:39:20,-7.738,-72.6509,73.6,88,99,4.07
506,Gordeyevka,RU,2022-12-11 22:39:21,52.9569,31.9703,46.26,97,100,18.23
507,Tecoanapa,MX,2022-12-11 22:39:21,16.5167,-98.75,81.95,66,0,8.97
508,New Waterford,US,2022-12-11 22:39:21,40.8451,-80.6145,41.25,78,80,8.01
509,Caravelas,BR,2022-12-11 22:39:22,-17.7125,-39.2481,75.2,92,30,10.6
510,Comodoro Rivadavia,AR,2022-12-11 22:37:31,-45.8667,-67.5,64.26,39,40,14.97
511,Ewa Beach,US,2022-12-11 22:39:22,21.3156,-158.0072,82.35,55,0,23.02
512,Buncrana,IE,2022-12-11 22:39:27,55.1333,-7.45,33.57,91,52,5.7
513,Torrington,US,2022-12-11 22:39:28,41.8007,-73.1212,30.11,92,100,4.0
514,Naryan-Mar,RU,2022-12-11 22:39:28,67.6713,53.087,-17.34,99,100,2.8
515,Polonnaruwa,LK,2022-12-11 22:39:29,7.9333,81.0,72.39,90,94,1.74
516,Mozhga,RU,2022-12-11 22:39:29,56.4447,52.2276,25.99,95,100,12.82
517,Plettenberg Bay,ZA,2022-12-11 22:39:30,-34.0527,23.3716,68.27,98,88,8.99
518,Aripuana,BR,2022-12-11 22:39:33,-9.1667,-60.6333,76.73,82,99,3.02
519,Meiganga,CM,2022-12-11 22:39:33,6.5167,14.3,68.5,32,1,5.06
520,Bryan,US,2022-12-11 22:39:37,30.6744,-96.37,64.76,80,100,6.91
521,Arlit,NE,2022-12-11 22:39:38,18.7369,7.3853,70.79,13,87,3.71
522,Poli,TZ,2022-12-11 22:39:38,-3.3333,36.8,59.09,87,24,2.59
523,Tel Aviv-Yafo,IL,2022-12-11 22:39:39,32.0805,34.7805,61.21,67,0,1.14
524,Jiazi,CN,2022-12-11 22:39:39,22.8779,116.067,56.32,72,87,8.88
525,Kishapu,TZ,2022-12-11 22:39:39,-3.6167,33.8667,67.91,72,95,4.65
526,Zastron,ZA,2022-12-11 22:39:39,-30.3023,27.084,60.64,78,100,4.5
527,Brzeziny,PL,2022-12-11 22:39:40,51.8002,19.7514,25.57,97,100,10.09
528,Churapcha,RU,2022-12-11 22:39:40,62.0025,132.4325,-46.14,99,100,5.53
529,Saint-Augustin,CA,2022-12-11 22:39:41,51.226,-58.6502,7.12,78,12,9.01
530,Eskisehir,TR,2022-12-11 22:39:41,39.7767,30.5206,49.91,81,75,8.05
531,Podosinovets,RU,2022-12-11 22:39:41,60.2776,47.0659,9.34,93,100,3.51
532,Valparaiso,CL,2022-12-11 22:35:49,-33.0393,-71.6273,85.64,35,0,20.71
533,Olinda,BR,2022-12-11 22:39:42,-8.0089,-34.8553,82.13,69,40,5.75
534,Marabba,SD,2022-12-11 22:39:42,12.35,32.1833,75.54,29,1,9.01
535,Oranjemund,NA,2022-12-11 22:39:42,-28.55,16.4333,65.93,87,43,5.48
536,Erzin,TR,2022-12-11 22:39:43,36.9559,36.2,56.86,60,100,6.67
537,Marsa Matruh,EG,2022-12-11 22:39:43,31.3525,27.2453,62.8,63,40,11.5
538,Petropavlovsk-Kamchatskiy,RU,2022-12-11 22:39:43,53.0452,158.6483,7.39,92,40,2.24
539,Kathmandu,NP,2022-12-11 22:39:02,27.7167,85.3167,48.0,65,1,0.94
540,Egvekinot,RU,2022-12-11 22:39:44,66.3167,-179.1667,-6.74,99,100,9.4
541,Camacha,PT,2022-12-11 22:39:44,33.0833,-16.3333,65.62,88,0,2.3
542,Vilshofen,DE,2022-12-11 22:39:45,48.6333,13.1833,29.25,96,97,6.22
543,Namatanai,PG,2022-12-11 22:39:45,-3.6667,152.4333,82.27,73,61,5.64
544,Bilibino,RU,2022-12-11 22:39:45,68.0546,166.4372,-22.22,99,100,4.65
545,Mayo,US,2022-12-11 22:39:49,38.8876,-76.5119,46.13,90,100,3.44
546,Carai,BR,2022-12-11 22:39:49,-17.1889,-41.6947,68.09,92,69,0.69
547,Ilheus,BR,2022-12-11 22:39:49,-14.7889,-39.0494,80.42,89,0,3.44
548,Sorong,ID,2022-12-11 22:40:49,-0.8833,131.25,80.31,79,88,5.3
549,Yablonovo,RU,2022-12-11 22:40:50,50.8523,37.3574,38.86,86,100,21.5
550,Babol,IR,2022-12-11 22:40:50,36.5513,52.679,46.74,75,0,2.62
551,Cockburn Town,TC,2022-12-11 22:40:51,21.4612,-71.1419,77.36,62,42,12.12
552,Carbondale,US,2022-12-11 22:40:51,37.7273,-89.2168,43.09,82,100,6.91
553,Phangnga,TH,2022-12-11 22:40:51,8.4509,98.5298,75.24,96,100,4.34
